{
    "graphsage": {
        "cora": {
            "baseline_1": {
                "target": {
                    "acc": 0.8996415734291077
                },
                "attacker": {
                    "prec": 0.9783393740653992,
                    "recall": 0.6361502408981323,
                    "f1-score": 0.7709815502166748,
                    "acc": 0.7029520273208618
                }
            },
            "baseline_2": {
                "target": {
                    "acc": 0.6782007217407227
                },
                "attacker": {
                    "prec": 0.9345454573631287,
                    "recall": 0.6745406985282898,
                    "f1-score": 0.7835366129875183,
                    "acc": 0.7380073666572571
                }
            },
            "surviving_edges_5p": {
                "target": {
                    "acc": 0.6782007217407227
                },
                "attacker": {
                    "prec": 0.9219047427177429,
                    "recall": 0.6884779334068298,
                    "f1-score": 0.7882736325263977,
                    "acc": 0.7473275065422058
                }
            },
            "surviving_edges_10p": {
                "target": {
                    "acc": 0.6782007217407227
                },
                "attacker": {
                    "prec": 0.951120138168335,
                    "recall": 0.6540616154670715,
                    "f1-score": 0.775103747844696,
                    "acc": 0.72176593542099
                }
            },
            "surviving_edges_20p": {
                "target": {
                    "acc": 0.6782007217407227
                },
                "attacker": {
                    "prec": 0.95961993932724,
                    "recall": 0.601190447807312,
                    "f1-score": 0.7392498254776001,
                    "acc": 0.6709007024765015
                }
            },
            "surviving_edges_50p": {
                "target": {
                    "acc": 0.6782007217407227
                },
                "attacker": {
                    "prec": 0.9628252983093262,
                    "recall": 0.6094117760658264,
                    "f1-score": 0.7463977336883545,
                    "acc": 0.6752767562866211
                }
            },
            "surviving_edges_80p": {
                "target": {
                    "acc": 0.6782007217407227
                },
                "attacker": {
                    "prec": 0.9711538553237915,
                    "recall": 0.601190447807312,
                    "f1-score": 0.7426470518112183,
                    "acc": 0.6774193644523621
                }
            }
        },
        "citeseer": {
            "baseline_1": {
                "target": {
                    "acc": 0.6189320683479309
                },
                "attacker": {
                    "prec": 0.9429429173469543,
                    "recall": 0.6993318200111389,
                    "f1-score": 0.803068995475769,
                    "acc": 0.7687687873840332
                }
            },
            "baseline_2": {
                "target": {
                    "acc": 0.5248869061470032
                },
                "attacker": {
                    "prec": 0.9145427346229553,
                    "recall": 0.6830906867980957,
                    "f1-score": 0.7820513248443604,
                    "acc": 0.7443609237670898
                }
            },
            "surviving_edges_5p": {
                "target": {
                    "acc": 0.5248869061470032
                },
                "attacker": {
                    "prec": 0.8910256624221802,
                    "recall": 0.6658682823181152,
                    "f1-score": 0.7621658444404602,
                    "acc": 0.7254746556282043
                }
            },
            "surviving_edges_10p": {
                "target": {
                    "acc": 0.5248869061470032
                },
                "attacker": {
                    "prec": 0.9169435501098633,
                    "recall": 0.700507640838623,
                    "f1-score": 0.7942445874214172,
                    "acc": 0.7610693573951721
                }
            },
            "surviving_edges_20p": {
                "target": {
                    "acc": 0.5248869061470032
                },
                "attacker": {
                    "prec": 0.7977527976036072,
                    "recall": 0.7703436017036438,
                    "f1-score": 0.7838085889816284,
                    "acc": 0.7793427109718323
                }
            },
            "surviving_edges_50p": {
                "target": {
                    "acc": 0.5248869061470032
                },
                "attacker": {
                    "prec": 0.8128834366798401,
                    "recall": 0.7725947499275208,
                    "f1-score": 0.7922272086143494,
                    "acc": 0.790977418422699
                }
            },
            "surviving_edges_80p": {
                "target": {
                    "acc": 0.5248869061470032
                },
                "attacker": {
                    "prec": 0.9767441749572754,
                    "recall": 0.6494845151901245,
                    "f1-score": 0.7801857590675354,
                    "acc": 0.7330827116966248
                }
            }
        }
    },
    "gat": {
        "cora": {
            "baseline_1": {
                "target": {
                    "acc": 0.8888888955116272
                },
                "attacker": {
                    "prec": 0.9714285731315613,
                    "recall": 0.6407034993171692,
                    "f1-score": 0.7721422910690308,
                    "acc": 0.7223247289657593
                }
            },
            "baseline_2": {
                "target": {
                    "acc": 0.6816608905792236
                },
                "attacker": {
                    "prec": 0.9470803141593933,
                    "recall": 0.6577946543693542,
                    "f1-score": 0.7763649821281433,
                    "acc": 0.7241697311401367
                }
            },
            "surviving_edges_5p": {
                "target": {
                    "acc": 0.6816608905792236
                },
                "attacker": {
                    "prec": 0.9704724550247192,
                    "recall": 0.6328626275062561,
                    "f1-score": 0.7661226987838745,
                    "acc": 0.7074829936027527
                }
            },
            "surviving_edges_10p": {
                "target": {
                    "acc": 0.6816608905792236
                },
                "attacker": {
                    "prec": 0.9363449811935425,
                    "recall": 0.6495726704597473,
                    "f1-score": 0.7670310735702515,
                    "acc": 0.7156057357788086
                }
            },
            "surviving_edges_20p": {
                "target": {
                    "acc": 0.6816608905792236
                },
                "attacker": {
                    "prec": 0.9501133561134338,
                    "recall": 0.6801947951316833,
                    "f1-score": 0.7928098440170288,
                    "acc": 0.7471131682395935
                }
            },
            "surviving_edges_50p": {
                "target": {
                    "acc": 0.6816608905792236
                },
                "attacker": {
                    "prec": 0.9888059496879578,
                    "recall": 0.6105991005897522,
                    "f1-score": 0.7549857497215271,
                    "acc": 0.6826568245887756
                }
            },
            "surviving_edges_80p": {
                "target": {
                    "acc": 0.6816608905792236
                },