{
    "graphsage": {
        "cora": {
            "baseline_1": {
                "target": {
                    "acc": 0.8714653253555298
                },
                "attacker": {
                    "prec": 0.9142982363700867,
                    "recall": 0.6575471758842468,
                    "f1-score": 0.7649533152580261,
                    "acc": 0.7200435996055603
                }
            },
            "baseline_2": {
                "target": {
                    "acc": 0.6480447053909302
                },
                "attacker": {
                    "prec": 0.2548476457595825,
                    "recall": 0.800000011920929,
                    "f1-score": 0.3865545988082886,
                    "acc": 0.5950069427490234
                }
            },
            "surviving_edges_5p": {
                "target": {
                    "acc": 0.6480447053909302
                },
                "attacker": {
                    "prec": 0.9099099040031433,
                    "recall": 0.6035856604576111,
                    "f1-score": 0.7257485389709473,
                    "acc": 0.6656934022903442
                }
            },
            "surviving_edges_10p": {
                "target": {
                    "acc": 0.6480447053909302
                },
                "attacker": {
                    "prec": 0.7943925261497498,
                    "recall": 0.6623376607894897,
                    "f1-score": 0.7223796248435974,
                    "acc": 0.6979969143867493
                }
            },
            "surviving_edges_20p": {
                "target": {
                    "acc": 0.6480447053909302
                },
                "attacker": {
                    "prec": 0.8881118893623352,
                    "recall": 0.624078631401062,
                    "f1-score": 0.7330447435379028,
                    "acc": 0.6793760657310486
                }
            },
            "surviving_edges_50p": {
                "target": {
                    "acc": 0.6480447053909302
                },
                "attacker": {
                    "prec": 0.9635416865348816,
                    "recall": 0.6826568245887756,
                    "f1-score": 0.7991361021995544,
                    "acc": 0.742382287979126
                }
            },
            "surviving_edges_80p": {
                "target": {
                    "acc": 0.6480447053909302
                },
                "attacker": {
                    "prec": 0.8607594966888428,
                    "recall": 0.6868686676025391,
                    "f1-score": 0.7640449404716492,
                    "acc": 0.7083333134651184
                }
            }
        },
        "citeseer": {
            "baseline_1": {
                "target": {
                    "acc": 0.6196213364601135
                },
                "attacker": {
                    "prec": 0.8468013405799866,
                    "recall": 0.7321688532829285,
                    "f1-score": 0.785323977470398,
                    "acc": 0.7669491767883301
                }
            },
            "baseline_2": {
                "target": {
                    "acc": 0.553113579750061
                },
                "attacker": {
                    "prec": 0.9020771384239197,
                    "recall": 0.6710816621780396,
                    "f1-score": 0.7696202397346497,
                    "acc": 0.7217125296592712
                }
            },
            "surviving_edges_5p": {
                "target": {
                    "acc": 0.553113579750061
                },
                "attacker": {
                    "prec": 0.9272152185440063,
                    "recall": 0.6813953518867493,
                    "f1-score": 0.7855227589607239,
                    "acc": 0.7427652478218079
                }
            },
            "surviving_edges_10p": {
                "target": {
                    "acc": 0.553113579750061
                },
                "attacker": {
                    "prec": 0.9729729890823364,
                    "recall": 0.6167023777961731,
                    "f1-score": 0.7549148201942444,
                    "acc": 0.6825127601623535
                }
            },
            "surviving_edges_20p": {
                "target": {
                    "acc": 0.553113579750061
                },
                "attacker": {
                    "prec": 0.8814229369163513,
                    "recall": 0.6819571852684021,
                    "f1-score": 0.768965482711792,
                    "acc": 0.7442747950553894
                }
            },
            "surviving_edges_50p": {
                "target": {
                    "acc": 0.553113579750061
                },
                "attacker": {
                    "prec": 0.6385542154312134,
                    "recall": 0.7260273694992065,
                    "f1-score": 0.6794871687889099,
                    "acc": 0.6951219439506531
                }
            },
            "surviving_edges_80p": {
                "target": {
                    "acc": 0.553113579750061
                },
                "attacker": {
                    "prec": 0.6478873491287231,
                    "recall": 0.8846153616905212,
                    "f1-score": 0.7479674816131592,
                    "acc": 0.7615384459495544
                }
            }
        }
    },
    "gat": {
        "cora": {
            "baseline_1": {
                "target": {
                    "acc": 0.8714653253555298
                },
                "attacker": {
                    "prec": 0.7753591537475586,
                    "recall": 0.7213446497917175,
                    "f1-score": 0.7473772168159485,
                    "acc": 0.7376906275749207
                }
            },
            "baseline_2": {
                "target": {
                    "acc": 0.6312848925590515
                },
                "attacker": {
                    "prec": 0.5056818127632141,
                    "recall": 0.6402877569198608,
                    "f1-score": 0.5650793313980103,
                    "acc": 0.619972288608551
                }
            },
            "surviving_edges_5p": {
                "target": {
                    "acc": 0.6312848925590515
                },
                "attacker": {
                    "prec": 0.7927170991897583,
                    "recall": 0.6566125154495239,
                    "f1-score": 0.7182741165161133,
                    "acc": 0.6759123802185059
                }
            },
            "surviving_edges_10p": {
                "target": {
                    "acc": 0.6312848925590515
                },
                "attacker": {
                    "prec": 0.8698225021362305,
                    "recall": 0.5963488817214966,
                    "f1-score": 0.7075812816619873,
                    "acc": 0.6255778074264526
                }
            },
            "surviving_edges_20p": {
                "target": {
                    "acc": 0.6312848925590515
                },
                "attacker": {
                    "prec": 0.9860140085220337,
                    "recall": 0.5423076748847961,
                    "f1-score": 0.6997518539428711,
                    "acc": 0.580589234828949
                }
            },
            "surviving_edges_50p": {
                "target": {
                    "acc": 0.6312848925590515
                },
                "attacker": {
                    "prec": 0.6666666865348816,
                    "recall": 0.6914893388748169,
                    "f1-score": 0.6788511872291565,
                    "acc": 0.6592797636985779
                }
            },
            "surviving_edges_80p": {
                "target": {
                    "acc": 0.6312848925590515
                },