{
    "graphsage": {
        "cora": {
            "baseline_1": {
                "target": {
                    "acc": 0.8673835396766663
                },
                "attacker": {
                    "prec": 0.6868686676025391,
                    "recall": 0.7617108225822449,
                    "f1-score": 0.722356379032135,
                    "acc": 0.7283892035484314
                }
            },
            "baseline_2": {
                "target": {
                    "acc": 0.6470588445663452
                },
                "attacker": {
                    "prec": 0.44912925362586975,
                    "recall": 0.7060518860816956,
                    "f1-score": 0.5490195751190186,
                    "acc": 0.628003716468811
                }
            },
            "surviving_edges_5p": {
                "target": {
                    "acc": 0.6470588445663452
                },
                "attacker": {
                    "prec": 0.7727272510528564,
                    "recall": 0.6331983804702759,
                    "f1-score": 0.6960391402244568,
                    "acc": 0.667478084564209
                }
            },
            "surviving_edges_10p": {
                "target": {
                    "acc": 0.6470588445663452
                },
                "attacker": {
                    "prec": 0.8333333134651184,
                    "recall": 0.6580016016960144,
                    "f1-score": 0.735360860824585,
                    "acc": 0.7004110813140869
                }
            },
            "surviving_edges_20p": {
                "target": {
                    "acc": 0.6470588445663452
                },
                "attacker": {
                    "prec": 0.9010600447654724,
                    "recall": 0.665217399597168,
                    "f1-score": 0.7653826475143433,
                    "acc": 0.728901743888855
                }
            },
            "surviving_edges_50p": {
                "target": {
                    "acc": 0.6470588445663452
                },
                "attacker": {
                    "prec": 0.8677536249160767,
                    "recall": 0.7181409001350403,
                    "f1-score": 0.7858900427818298,
                    "acc": 0.7587800621986389
                }
            },
            "surviving_edges_80p": {
                "target": {
                    "acc": 0.6470588445663452
                },
                "attacker": {
                    "prec": 0.9627906680107117,
                    "recall": 0.6742671132087708,
                    "f1-score": 0.7931034564971924,
                    "acc": 0.7505773901939392
                }
            }
        },
        "citeseer": {
            "baseline_1": {
                "target": {
                    "acc": 0.6723300814628601
                },
                "attacker": {
                    "prec": 0.7857142686843872,
                    "recall": 0.7590113282203674,
                    "f1-score": 0.7721319794654846,
                    "acc": 0.7628135085105896
                }
            },
            "baseline_2": {
                "target": {
                    "acc": 0.5542986392974854
                },
                "attacker": {
                    "prec": 0.5101311206817627,
                    "recall": 0.7810218930244446,
                    "f1-score": 0.617159366607666,
                    "acc": 0.6863555908203125
                }
            },
            "surviving_edges_5p": {
                "target": {
                    "acc": 0.5542986392974854
                },
                "attacker": {
                    "prec": 0.901098906993866,
                    "recall": 0.6618834137916565,
                    "f1-score": 0.7631851434707642,
                    "acc": 0.7153511643409729
                }
            },
            "surviving_edges_10p": {
                "target": {
                    "acc": 0.5542986392974854
                },
                "attacker": {
                    "prec": 0.8059895634651184,
                    "recall": 0.706620991230011,
                    "f1-score": 0.7530413269996643,
                    "acc": 0.7335957884788513
                }
            },
            "surviving_edges_20p": {
                "target": {
                    "acc": 0.5542986392974854
                },
                "attacker": {
                    "prec": 0.9305136203765869,
                    "recall": 0.617853581905365,
                    "f1-score": 0.7426160573959351,
                    "acc": 0.6846380829811096
                }
            },
            "surviving_edges_50p": {
                "target": {
                    "acc": 0.5542986392974854
                },
                "attacker": {
                    "prec": 0.9247058629989624,
                    "recall": 0.6571906208992004,
                    "f1-score": 0.7683284282684326,
                    "acc": 0.7198581695556641
                }
            },
            "surviving_edges_80p": {
                "target": {
                    "acc": 0.5542986392974854
                },
                "attacker": {
                    "prec": 0.9235293865203857,
                    "recall": 0.7008928656578064,
                    "f1-score": 0.796954333782196,
                    "acc": 0.7633135914802551
                }
            }
        },
        "pubmed": {
            "baseline_1": {
                "target": {
                    "acc": 0.8838786482810974
                },
                "attacker": {
                    "prec": 0.9269999861717224,
                    "recall": 0.6289483308792114,
                    "f1-score": 0.7494273781776428,
                    "acc": 0.6908969879150391
                }
            },
            "baseline_2": {
                "target": {
                    "acc": 0.875652015209198
                },
                "attacker": {
                    "prec": 0.7619373202323914,
                    "recall": 0.6846902370452881,
                    "f1-score": 0.7212513089179993,
                    "acc": 0.7045506238937378
                }
            },
            "surviving_edges_5p": {
                "target": {
                    "acc": 0.875652015209198
                },
                "attacker": {
                    "prec": 0.9364660978317261,
                    "recall": 0.6218259930610657,
                    "f1-score": 0.7473809719085693,
                    "acc": 0.6821929216384888
                }
            },
            "surviving_edges_10p": {
                "target": {
                    "acc": 0.875652015209198
                },
                "attacker": {
                    "prec": 0.9412515759468079,
                    "recall": 0.625530481338501,
                    "f1-score": 0.7515806555747986,
                    "acc": 0.6905094385147095
                }
            },
            "surviving_edges_20p": {
                "target": {
                    "acc": 0.875652015209198
                },
                "attacker": {
                    "prec": 0.9786807894706726,
                    "recall": 0.5782887935638428,
                    "f1-score": 0.7270020842552185,
                    "acc": 0.6328878998756409
                }
            },
            "surviving_edges_50p": {
                "target": {
                    "acc": 0.875652015209198
                },
                "attacker": {
                    "prec": 0.9871706962585449,
                    "recall": 0.581589937210083,
                    "f1-score": 0.7319517731666565,
                    "acc": 0.6391493082046509
                }
            },
            "surviving_edges_80p": {
                "target": {
                    "acc": 0.875652015209198
                },